date,water_temp_c,water_temp_normal_c,water_temp_anomaly_c,water_temp_min_c,water_temp_max_c,turbidity_ntu_daytime,chlorophyll_ug_l,salinity_psu,oxygen_mg_l,ph,tide_range_m,air_temp_c,wind_speed_ms,el_nino_index_oni,clear_snapshots,poor_visibility_snapshots,murky_snapshots,visibility,animal_snapshots
2026-09-25,22.76,20.12,2.64,21.49,23.64,0.28,0.5,33.44,7.25,7.968,1.57,21.5,2.4,1.8,1608,0,0,clear,1374
2026-09-26,22.13,20.06,2.07,20.2,23.21,0.24,0.47,33.43,7.26,7.963,1.52,21.9,1.4,1.8,956,0,0,clear,1465
2026-09-27,22.53,20.0,2.53,20.91,23.18,0.35,0.55,33.44,7.2,7.962,1.69,22.8,0.9,1.8,747,37,0,clear,226
2026-09-28,22.78,19.94,2.84,21.4,23.44,0.56,0.52,33.46,7.12,7.961,1.8,22.0,2.0,1.8,2921,287,0,clear,1893
2026-09-29,21.46,19.86,1.6,20.07,22.62,1.24,0.72,33.43,7.25,7.957,1.82,20.9,1.8,1.8,3707,3582,0,poor,993
2026-09-30,22.15,19.8,2.35,21.15,22.67,0.46,0.48,33.47,7.17,7.96,1.74,21.0,2.3,1.8,3142,77,0,clear,962
2026-10-01,22.28,19.74,2.54,20.68,22.91,0.46,0.56,33.47,7.15,7.958,1.64,20.4,2.4,1.8,3215,529,0,mixed,587
2026-10-02,22.04,19.68,2.36,21.11,22.72,0.44,0.72,33.45,7.12,7.951,1.55,22.7,1.4,1.8,2837,506,0,mixed,1074
2026-10-03,21.49,19.62,1.87,20.75,22.15,0.37,0.82,33.43,7.24,7.955,1.54,27.4,1.6,1.8,695,468,0,poor,210
2026-10-04,21.88,19.57,2.31,21.25,22.54,0.32,0.66,33.43,7.32,7.961,1.51,28.3,1.9,1.8,0,0,0,,0
2026-10-05,21.91,19.51,2.4,20.56,22.6,0.23,0.65,33.43,7.34,7.963,1.66,26.5,1.2,1.8,0,0,0,,0
2026-10-06,22.11,19.45,2.66,21.22,22.59,0.46,0.53,33.44,7.37,7.968,1.72,25.0,0.9,1.8,0,0,0,,0
2026-10-07,22.44,19.4,3.04,21.42,23.16,0.33,0.45,33.45,7.29,7.967,1.68,23.1,0.8,1.8,0,0,0,,0
2026-10-08,22.14,19.36,2.78,20.81,22.81,0.51,0.57,33.43,7.22,7.961,1.61,22.4,1.2,1.8,0,0,0,,0
