date,snapshots_analyzed,snapshots_dark,snapshots_murky,common_name,encounters,snapshots_seen,max_count
2026-09-25,1609,1,0,California scorpionfish,1,1,1
2026-09-25,1609,1,0,California spiny lobster,2,97,1
2026-09-25,1609,1,0,Pacific barracuda,1,1,1
2026-09-25,1609,1,0,Pacific bonito,1,1,1
2026-09-25,1609,1,0,Pacific chub mackerel,1,1,1
2026-09-25,1609,1,0,Pacific sardine,6,15,2
2026-09-25,1609,1,0,barred sand bass,1,1,1
2026-09-25,1609,1,0,bat ray,1,1,1
2026-09-25,1609,1,0,blacksmith,2,154,4
2026-09-25,1609,1,0,blacksmith (school),2,20,9
2026-09-25,1609,1,0,croakers,1,1,1
2026-09-25,1609,1,0,"damselfishes (garibaldi, blacksmith)",1,1,1
2026-09-25,1609,1,0,finescale triggerfish,1,1,1
2026-09-25,1609,1,0,fish (unidentified),,181,4
2026-09-25,1609,1,0,fish (unidentified) (school),,4,6
2026-09-25,1609,1,0,garibaldi,2,2,1
2026-09-25,1609,1,0,giant kelpfish,2,4,1
2026-09-25,1609,1,0,"grunts (salema, sargo)",1,1,1
2026-09-25,1609,1,0,halfmoon,1,1,1
2026-09-25,1609,1,0,jacksmelt,4,6,2
2026-09-25,1609,1,0,kelp bass,2,103,2
2026-09-25,1609,1,0,mackerels & bonito,2,3,1
2026-09-25,1609,1,0,opaleye,2,2,1
2026-09-25,1609,1,0,pile perch,1,1,1
2026-09-25,1609,1,0,salema,4,31,4
2026-09-25,1609,1,0,salema (school),1,1,5
2026-09-25,1609,1,0,sargo,1,1,1
2026-09-25,1609,1,0,silversides & sardines,5,40,4
2026-09-25,1609,1,0,silversides & sardines (school),1,1,5
2026-09-25,1609,1,0,small fish (school),,695,600
2026-09-25,1609,1,0,topsmelt,1,2,1
2026-09-26,956,0,0,California spiny lobster,3,7,1
2026-09-26,956,0,0,Pacific barracuda,1,1,1
2026-09-26,956,0,0,Pacific chub mackerel,1,1,1
2026-09-26,956,0,0,Pacific sardine,3,12,2
2026-09-26,956,0,0,black sea nettle jellyfish,1,1,1
2026-09-26,956,0,0,blacksmith,2,231,4
2026-09-26,956,0,0,blacksmith (school),2,18,8
2026-09-26,956,0,0,bullseye pufferfish,1,1,1
2026-09-26,956,0,0,"damselfishes (garibaldi, blacksmith)",1,1,1
2026-09-26,956,0,0,fish (unidentified),,265,4
2026-09-26,956,0,0,fish (unidentified) (school),,11,8
2026-09-26,956,0,0,giant kelpfish,3,3,1
2026-09-26,956,0,0,jack mackerel,2,8,1
2026-09-26,956,0,0,jacksmelt,1,10,1
2026-09-26,956,0,0,kelp bass,3,4,1
2026-09-26,956,0,0,mackerels & bonito,1,1,1
2026-09-26,956,0,0,opaleye,3,6,1
2026-09-26,956,0,0,queenfish,2,2,1
2026-09-26,956,0,0,rays,1,1,1
2026-09-26,956,0,0,rock wrasse,3,12,1
2026-09-26,956,0,0,salema,3,13,2
2026-09-26,956,0,0,shiner perch,1,2,1
2026-09-26,956,0,0,silversides & sardines,3,25,4
2026-09-26,956,0,0,small fish (school),,812,250
2026-09-26,956,0,0,spotfin croaker,1,1,1
2026-09-26,956,0,0,topsmelt,1,1,1
2026-09-26,956,0,0,"wrasses (senorita, sheephead)",2,9,1
2026-09-26,956,0,0,yellowtail amberjack,3,6,1
2026-09-27,1377,630,0,California spiny lobster,1,59,1
2026-09-27,1377,630,0,bat ray,1,3,1
2026-09-27,1377,630,0,blacksmith,2,6,3
2026-09-27,1377,630,0,diamond stingray,1,1,1
2026-09-27,1377,630,0,fish (unidentified),,25,3
2026-09-27,1377,630,0,fish (unidentified) (school),,2,5
2026-09-27,1377,630,0,jack mackerel,1,1,1
2026-09-27,1377,630,0,kelp bass,3,12,1
2026-09-27,1377,630,0,octopus,3,6,1
2026-09-27,1377,630,0,rays,2,2,1
2026-09-27,1377,630,0,sea basses,1,22,1
2026-09-27,1377,630,0,sharks,1,1,1
2026-09-27,1377,630,0,sheep crab,1,1,1
2026-09-27,1377,630,0,shovelnose guitarfish,1,1,1
2026-09-27,1377,630,0,small fish (school),,87,350
2026-09-27,1377,630,0,topsmelt,1,1,1
2026-09-27,1377,630,0,"wrasses (senorita, sheephead)",2,2,1
