date,hour,tide_predicted_m,water_level_m,noaa_water_temp_c,air_temp_c,wind_speed_ms,wind_gust_ms,wind_dir_deg,air_pressure_hpa,tide_trend,pier_water_temp_c,salinity_psu,oxygen_mg_l,ph,turbidity_ntu,chlorophyll_ug_l,pier_temp_anomaly_c,oni
2026-09-25,0,0.748,0.774,23.6,21.0,2.0,2.6,27.0,1013.0,-1,23.525,33.485,7.17,7.977,0.27,0.4,3.4,1.8
2026-09-25,1,0.389,0.469,23.5,20.8,0.7,1.1,32.0,1012.7,-1,23.486,33.486,7.17,7.976,0.2,0.38,3.36,1.8
2026-09-25,2,0.146,0.303,23.5,20.6,0.8,1.0,117.0,1012.9,-1,23.473,33.483,7.13,7.973,0.25,0.31,3.35,1.8
2026-09-25,3,0.076,0.297,23.5,21.0,0.0,0.5,196.0,1012.9,1,23.335,33.479,7.12,7.97,0.3,0.4,3.21,1.8
2026-09-25,4,0.197,0.484,23.1,21.3,1.4,2.1,14.0,1012.8,1,23.007,33.464,7.12,7.965,0.25,0.4,2.88,1.8
2026-09-25,5,0.476,0.807,22.7,21.2,1.9,2.5,34.0,1013.0,1,23.0,33.461,7.16,7.971,0.25,0.42,2.88,1.8
2026-09-25,6,0.842,1.198,22.6,20.7,2.5,3.0,34.0,1013.4,1,22.795,33.454,7.16,7.963,0.17,0.36,2.67,1.8
2026-09-25,7,1.201,1.522,22.6,20.5,4.0,5.1,34.0,1013.4,1,22.634,33.443,7.16,7.96,0.15,0.42,2.51,1.8
2026-09-25,8,1.465,1.722,22.5,21.1,2.6,3.9,19.0,1013.9,1,22.479,33.44,7.15,7.959,0.25,0.47,2.36,1.8
2026-09-25,9,1.568,1.779,22.7,21.7,2.3,3.0,334.0,1013.9,-1,22.598,33.453,7.13,7.968,0.35,0.51,2.47,1.8
2026-09-25,10,1.488,1.608,22.0,22.1,1.7,2.5,317.0,1013.8,-1,21.831,33.409,7.29,7.958,0.25,0.51,1.71,1.8
2026-09-25,11,1.252,1.312,21.1,21.9,3.2,3.9,318.0,1014.1,-1,21.788,33.402,7.35,7.963,0.31,0.44,1.66,1.8
2026-09-25,12,0.926,0.966,22.5,22.1,2.9,3.6,312.0,1013.9,-1,23.373,33.47,7.23,7.981,0.25,0.25,3.25,1.8
2026-09-25,13,0.599,0.664,23.3,22.0,4.4,5.0,304.0,1013.1,-1,23.625,33.481,7.25,7.978,0.17,0.25,3.5,1.8
2026-09-25,14,0.36,0.492,23.6,22.0,4.2,4.9,302.0,1012.6,-1,23.638,33.477,7.25,7.975,0.3,0.31,3.51,1.8
2026-09-25,15,0.273,0.486,22.3,22.1,3.8,4.2,310.0,1012.0,1,23.103,33.454,7.3,7.967,0.325,0.44,2.98,1.8
2026-09-25,16,0.364,0.645,22.7,22.2,4.2,4.8,305.0,1011.8,1,23.565,33.464,7.3,7.978,0.385,0.46,3.44,1.8
2026-09-25,17,0.609,0.934,23.1,22.1,3.6,4.5,306.0,1011.6,1,23.109,33.447,7.39,7.972,0.225,0.56,2.99,1.8
2026-09-25,18,0.947,1.286,22.8,22.0,2.8,5.0,331.0,1011.6,1,22.438,33.421,7.52,7.971,0.55,0.78,2.31,1.8
2026-09-25,19,1.288,1.618,21.6,21.7,2.1,3.7,342.0,1011.5,1,21.494,33.386,7.56,7.967,0.21,0.89,1.37,1.8
2026-09-25,20,1.543,1.825,21.4,21.5,1.8,3.2,354.0,1012.0,1,22.353,33.409,7.19,7.967,0.285,0.75,2.23,1.8
2026-09-25,21,1.644,1.852,21.9,21.6,2.2,2.8,0.0,1012.2,-1,22.144,33.416,7.26,7.963,0.36,0.73,2.02,1.8
2026-09-25,22,1.561,1.68,21.8,21.6,1.9,2.5,351.0,1012.5,-1,21.767,33.399,7.27,7.959,0.27,0.8,1.64,1.8
2026-09-25,23,1.31,1.359,21.5,21.4,1.0,1.4,26.0,1012.5,-1,21.57,33.393,7.3,7.96,0.22,0.73,1.45,1.8
2026-09-26,0,0.953,0.989,21.8,21.5,0.7,1.1,305.0,1012.7,-1,23.192,33.466,7.04,7.98,0.235,0.51,3.13,1.8
2026-09-26,1,0.578,0.633,23.3,21.4,1.6,2.4,24.0,1012.5,-1,23.215,33.466,7.03,7.976,0.52,0.51,3.15,1.8
2026-09-26,2,0.28,0.404,23.1,21.3,1.0,1.5,36.0,1012.5,-1,23.102,33.461,7.05,7.966,0.435,0.49,3.04,1.8
2026-09-26,3,0.136,0.36,23.1,20.7,1.0,1.4,82.0,1012.2,1,23.113,33.463,7.06,7.969,0.27,0.49,3.05,1.8
2026-09-26,4,0.184,0.493,23.1,20.3,0.2,0.6,88.0,1012.0,1,23.161,33.468,7.01,7.969,0.32,0.42,3.1,1.8
2026-09-26,5,0.413,0.791,23.1,20.2,0.7,0.9,60.0,1011.7,1,23.091,33.464,7.05,7.965,0.4,0.42,3.03,1.8
2026-09-26,6,0.766,1.176,22.4,19.8,0.5,2.0,74.0,1012.1,1,22.166,33.426,7.19,7.952,0.25,0.4,2.1,1.8
2026-09-26,7,1.154,1.547,22.1,20.5,1.9,2.2,27.0,1012.0,1,21.918,33.413,7.19,7.952,0.185,0.42,1.86,1.8
2026-09-26,8,1.478,1.804,21.6,20.8,1.9,3.0,348.0,1012.4,1,21.376,33.39,7.46,7.962,0.25,0.46,1.31,1.8
2026-09-26,9,1.656,1.909,21.3,21.0,1.9,2.4,360.0,1012.3,-1,20.65,33.365,7.55,7.964,0.235,0.6,0.59,1.8
2026-09-26,10,1.643,1.817,20.5,21.8,1.9,2.3,333.0,1012.2,-1,20.413,33.359,7.5,7.961,0.25,0.62,0.35,1.8
2026-09-26,11,1.443,1.55,20.4,22.5,1.1,1.8,289.0,1012.5,-1,20.205,33.356,7.43,7.955,0.41,0.44,0.14,1.8
2026-09-26,12,1.109,1.165,20.1,22.6,1.7,2.2,313.0,1012.2,-1,22.114,33.414,7.27,7.965,0.3,0.31,2.05,1.8
2026-09-26,13,0.727,0.791,22.4,22.6,2.6,3.0,320.0,1011.5,-1,22.498,33.43,7.29,7.962,0.27,0.31,2.44,1.8
2026-09-26,14,0.392,0.497,22.3,22.8,2.8,3.5,297.0,1011.1,-1,22.416,33.444,7.27,7.96,0.235,0.27,2.35,1.8
2026-09-26,15,0.19,0.364,22.4,23.2,3.0,3.7,295.0,1010.7,-1,22.477,33.443,7.3,7.962,0.22,0.33,2.41,1.8
2026-09-26,16,0.169,0.432,22.5,23.4,2.6,3.1,297.0,1010.6,,22.73,33.447,7.27,7.963,0.3,0.38,2.67,1.8
2026-09-26,17,,,,,,,,,,22.503,33.444,7.35,7.964,0.37,0.42,2.44,1.8
2026-09-26,18,,,,,,,,,,22.456,33.445,7.36,7.965,0.22,0.4,2.39,1.8
2026-09-26,19,,,,,,,,,,22.286,33.441,7.36,7.964,0.295,0.47,2.22,1.8
2026-09-26,20,,,,,,,,,,22.033,33.429,7.36,7.961,0.27,0.55,1.97,1.8
2026-09-26,21,,,,,,,,,,21.742,33.413,7.33,7.959,0.22,0.62,1.68,1.8
