date,hour,snapshots_analyzed,snapshots_dark,snapshots_murky,common_name,snapshots_seen,max_count
2026-09-25,10,248,0,0,Pacific sardine,6,1
2026-09-25,10,248,0,0,barred sand bass,1,1
2026-09-25,10,248,0,0,blacksmith,70,4
2026-09-25,10,248,0,0,blacksmith (school),8,8
2026-09-25,10,248,0,0,fish (unidentified),51,4
2026-09-25,10,248,0,0,garibaldi,1,1
2026-09-25,10,248,0,0,giant kelpfish,1,1
2026-09-25,10,248,0,0,halfmoon,1,1
2026-09-25,10,248,0,0,jacksmelt,3,2
2026-09-25,10,248,0,0,salema,8,3
2026-09-25,10,248,0,0,silversides & sardines,9,4
2026-09-25,10,248,0,0,silversides & sardines (school),1,5
2026-09-25,10,248,0,0,small fish (school),176,600
2026-09-25,11,290,0,0,blacksmith,63,4
2026-09-25,11,290,0,0,blacksmith (school),12,9
2026-09-25,11,290,0,0,croakers,1,1
2026-09-25,11,290,0,0,"damselfishes (garibaldi, blacksmith)",1,1
2026-09-25,11,290,0,0,fish (unidentified),47,3
2026-09-25,11,290,0,0,kelp bass,15,1
2026-09-25,11,290,0,0,mackerels & bonito,1,1
2026-09-25,11,290,0,0,salema,1,1
2026-09-25,11,290,0,0,silversides & sardines,1,1
2026-09-25,11,290,0,0,small fish (school),227,400
2026-09-25,12,291,0,0,California spiny lobster,2,1
2026-09-25,12,291,0,0,Pacific chub mackerel,1,1
2026-09-25,12,291,0,0,Pacific sardine,2,1
2026-09-25,12,291,0,0,blacksmith,10,3
2026-09-25,12,291,0,0,fish (unidentified),25,4
2026-09-25,12,291,0,0,fish (unidentified) (school),2,6
2026-09-25,12,291,0,0,garibaldi,1,1
2026-09-25,12,291,0,0,jacksmelt,1,1
2026-09-25,12,291,0,0,kelp bass,18,1
2026-09-25,12,291,0,0,opaleye,2,1
2026-09-25,12,291,0,0,salema,5,2
2026-09-25,12,291,0,0,silversides & sardines,5,2
2026-09-25,12,291,0,0,small fish (school),102,250
2026-09-25,13,280,0,0,California scorpionfish,1,1
2026-09-25,13,280,0,0,California spiny lobster,44,1
2026-09-25,13,280,0,0,Pacific barracuda,1,1
2026-09-25,13,280,0,0,Pacific bonito,1,1
2026-09-25,13,280,0,0,Pacific sardine,1,2
2026-09-25,13,280,0,0,bat ray,1,1
2026-09-25,13,280,0,0,blacksmith,4,2
2026-09-25,13,280,0,0,finescale triggerfish,1,1
2026-09-25,13,280,0,0,fish (unidentified),15,4
2026-09-25,13,280,0,0,giant kelpfish,3,1
2026-09-25,13,280,0,0,"grunts (salema, sargo)",1,1
2026-09-25,13,280,0,0,kelp bass,19,1
2026-09-25,13,280,0,0,salema,4,4
2026-09-25,13,280,0,0,salema (school),1,5
2026-09-25,13,280,0,0,silversides & sardines,3,1
2026-09-25,13,280,0,0,small fish (school),38,200
2026-09-25,14,281,0,0,California spiny lobster,48,1
2026-09-25,14,281,0,0,Pacific sardine,4,2
2026-09-25,14,281,0,0,blacksmith,7,2
2026-09-25,14,281,0,0,fish (unidentified),23,2
2026-09-25,14,281,0,0,fish (unidentified) (school),1,5
2026-09-25,14,281,0,0,jacksmelt,2,1
2026-09-25,14,281,0,0,kelp bass,24,1
2026-09-25,14,281,0,0,pile perch,1,1
2026-09-25,14,281,0,0,salema,7,1
2026-09-25,14,281,0,0,sargo,1,1
2026-09-25,14,281,0,0,silversides & sardines,12,1
2026-09-25,14,281,0,0,small fish (school),83,150
2026-09-25,15,216,0,0,California spiny lobster,3,1
2026-09-25,15,216,0,0,Pacific sardine,2,1
2026-09-25,15,216,0,0,fish (unidentified),20,3
2026-09-25,15,216,0,0,fish (unidentified) (school),1,5
2026-09-25,15,216,0,0,kelp bass,27,2
2026-09-25,15,216,0,0,mackerels & bonito,2,1
2026-09-25,15,216,0,0,salema,6,2
2026-09-25,15,216,0,0,silversides & sardines,10,2
2026-09-25,15,216,0,0,small fish (school),68,150
2026-09-25,15,216,0,0,topsmelt,2,1
2026-09-25,16,2,0,0,small fish (school),1,40
2026-09-25,20,1,1,0,,0,0
2026-09-26,10,246,0,0,California spiny lobster,3,1
2026-09-26,10,246,0,0,Pacific chub mackerel,1,1
2026-09-26,10,246,0,0,Pacific sardine,6,2
2026-09-26,10,246,0,0,blacksmith,56,4
2026-09-26,10,246,0,0,blacksmith (school),4,7
2026-09-26,10,246,0,0,"damselfishes (garibaldi, blacksmith)",1,1
2026-09-26,10,246,0,0,fish (unidentified),82,4
2026-09-26,10,246,0,0,fish (unidentified) (school),6,8
2026-09-26,10,246,0,0,giant kelpfish,1,1
2026-09-26,10,246,0,0,jack mackerel,4,1
2026-09-26,10,246,0,0,jacksmelt,10,1
2026-09-26,10,246,0,0,kelp bass,1,1
2026-09-26,10,246,0,0,mackerels & bonito,1,1
2026-09-26,10,246,0,0,opaleye,4,1
2026-09-26,10,246,0,0,queenfish,1,1
2026-09-26,10,246,0,0,salema,5,2
2026-09-26,10,246,0,0,silversides & sardines,19,4
2026-09-26,10,246,0,0,small fish (school),186,250
2026-09-26,10,246,0,0,"wrasses (senorita, sheephead)",2,1
2026-09-26,10,246,0,0,yellowtail amberjack,2,1
2026-09-26,11,296,0,0,California spiny lobster,1,1
2026-09-26,11,296,0,0,Pacific barracuda,1,1
2026-09-26,11,296,0,0,Pacific sardine,4,1
2026-09-26,11,296,0,0,blacksmith,91,4
2026-09-26,11,296,0,0,blacksmith (school),10,8
2026-09-26,11,296,0,0,bullseye pufferfish,1,1
2026-09-26,11,296,0,0,fish (unidentified),97,4
2026-09-26,11,296,0,0,fish (unidentified) (school),3,7
2026-09-26,11,296,0,0,giant kelpfish,1,1
2026-09-26,11,296,0,0,jack mackerel,3,1
2026-09-26,11,296,0,0,kelp bass,2,1
2026-09-26,11,296,0,0,opaleye,2,1
2026-09-26,11,296,0,0,queenfish,1,1
2026-09-26,11,296,0,0,rock wrasse,5,1
2026-09-26,11,296,0,0,salema,3,1
2026-09-26,11,296,0,0,shiner perch,2,1
2026-09-26,11,296,0,0,silversides & sardines,2,1
2026-09-26,11,296,0,0,small fish (school),280,250
2026-09-26,11,296,0,0,"wrasses (senorita, sheephead)",2,1
2026-09-26,12,299,0,0,California spiny lobster,3,1
2026-09-26,12,299,0,0,Pacific sardine,2,1
2026-09-26,12,299,0,0,blacksmith,74,4
2026-09-26,12,299,0,0,blacksmith (school),4,6
2026-09-26,12,299,0,0,fish (unidentified),72,4
2026-09-26,12,299,0,0,fish (unidentified) (school),2,8
2026-09-26,12,299,0,0,giant kelpfish,1,1
2026-09-26,12,299,0,0,jack mackerel,1,1
2026-09-26,12,299,0,0,rock wrasse,6,1
2026-09-26,12,299,0,0,salema,5,2
2026-09-26,12,299,0,0,silversides & sardines,1,1
2026-09-26,12,299,0,0,small fish (school),254,200
2026-09-26,12,299,0,0,spotfin croaker,1,1
2026-09-26,12,299,0,0,topsmelt,1,1
2026-09-26,12,299,0,0,"wrasses (senorita, sheephead)",5,1
2026-09-26,12,299,0,0,yellowtail amberjack,2,1
2026-09-26,13,106,0,0,black sea nettle jellyfish,1,1
2026-09-26,13,106,0,0,blacksmith,9,2
2026-09-26,13,106,0,0,fish (unidentified),14,2
2026-09-26,13,106,0,0,kelp bass,1,1
2026-09-26,13,106,0,0,rays,1,1
2026-09-26,13,106,0,0,rock wrasse,1,1
2026-09-26,13,106,0,0,silversides & sardines,3,2
2026-09-26,13,106,0,0,small fish (school),87,150
2026-09-26,13,106,0,0,yellowtail amberjack,1,1
2026-09-26,14,9,0,0,blacksmith,1,2
2026-09-26,14,9,0,0,small fish (school),5,150
2026-09-26,14,9,0,0,yellowtail amberjack,1,1
2026-09-27,15,94,0,0,blacksmith,4,1
2026-09-27,15,94,0,0,fish (unidentified),7,3
2026-09-27,15,94,0,0,jack mackerel,1,1
2026-09-27,15,94,0,0,kelp bass,1,1
2026-09-27,15,94,0,0,small fish (school),44,200
2026-09-27,15,94,0,0,topsmelt,1,1
2026-09-27,16,271,0,0,California spiny lobster,42,1
2026-09-27,16,271,0,0,bat ray,3,1
2026-09-27,16,271,0,0,blacksmith,2,3
2026-09-27,16,271,0,0,fish (unidentified),14,3
2026-09-27,16,271,0,0,fish (unidentified) (school),1,5
2026-09-27,16,271,0,0,kelp bass,10,1
2026-09-27,16,271,0,0,octopus,3,1
2026-09-27,16,271,0,0,rays,1,1
2026-09-27,16,271,0,0,sea basses,11,1
2026-09-27,16,271,0,0,shovelnose guitarfish,1,1
2026-09-27,16,271,0,0,small fish (school),32,350
2026-09-27,16,271,0,0,"wrasses (senorita, sheephead)",1,1
2026-09-27,17,251,0,0,California spiny lobster,17,1
2026-09-27,17,251,0,0,diamond stingray,1,1
2026-09-27,17,251,0,0,fish (unidentified),1,1
2026-09-27,17,251,0,0,kelp bass,1,1
2026-09-27,17,251,0,0,octopus,2,1
2026-09-27,17,251,0,0,rays,1,1
2026-09-27,17,251,0,0,sea basses,11,1
2026-09-27,17,251,0,0,small fish (school),8,150
2026-09-27,18,136,5,0,fish (unidentified),3,1
2026-09-27,18,136,5,0,fish (unidentified) (school),1,5
2026-09-27,18,136,5,0,octopus,1,1
2026-09-27,18,136,5,0,sharks,1,1
2026-09-27,18,136,5,0,sheep crab,1,1
2026-09-27,18,136,5,0,small fish (school),3,40
2026-09-27,18,136,5,0,"wrasses (senorita, sheephead)",1,1
2026-09-27,19,284,284,0,,0,0
2026-09-27,20,299,299,0,,0,0
2026-09-27,21,42,42,0,,0,0
